count,hate_speech_count,offensive_language_count,neither_count,class,label_name,dataset_index,P_non_tox_source,P_tox_source,toxic_bert_positive
3,0,3,0,1,offensive language,7430,0.5984082,0.40159175,False
3,0,3,0,1,offensive language,19496,0.031078994,0.968921,True
3,0,3,0,1,offensive language,19218,0.002384901,0.9976151,True
3,0,3,0,1,offensive language,22117,0.019334793,0.9806652,True
3,0,3,0,1,offensive language,10151,0.01249814,0.98750186,True
3,0,2,1,1,offensive language,18774,0.5422994,0.45770058,False
6,0,6,0,1,offensive language,18247,0.02418673,0.97581327,True
3,0,3,0,1,offensive language,16659,0.06195396,0.93804604,True
3,1,2,0,1,offensive language,13416,0.0011091828,0.9988908,True
3,0,3,0,1,offensive language,21687,0.013242841,0.98675716,True
3,0,3,0,1,offensive language,15771,0.013067782,0.9869322,True
3,0,3,0,1,offensive language,3128,0.001196742,0.99880326,True
3,1,2,0,1,offensive language,4185,0.0011284947,0.9988715,True
3,0,3,0,1,offensive language,11412,0.0097721815,0.9902278,True
3,0,3,0,1,offensive language,11480,0.013752818,0.9862472,True
3,0,3,0,1,offensive language,12729,0.044854403,0.9551456,True
3,0,3,0,1,offensive language,11914,0.0026637912,0.9973362,True
3,1,2,0,1,offensive language,14524,0.0059314966,0.9940685,True
3,0,3,0,1,offensive language,4140,0.04444152,0.9555585,True
3,0,3,0,1,offensive language,12873,0.04050386,0.95949614,True
3,0,3,0,1,offensive language,7380,0.025369942,0.97463006,True
3,1,2,0,1,offensive language,10801,0.011109114,0.9888909,True
3,2,1,0,0,hate speech,24436,0.04061985,0.95938015,True
3,2,1,0,0,hate speech,3242,0.042515576,0.9574844,True
6,1,5,0,1,offensive language,2742,0.0056581497,0.99434185,True
3,1,2,0,1,offensive language,5918,0.65438086,0.34561914,False
3,0,3,0,1,offensive language,22039,0.0026661158,0.9973339,True
3,0,3,0,1,offensive language,7373,0.0027009845,0.997299,True
3,0,3,0,1,offensive language,2353,0.21984535,0.78015465,True
3,0,3,0,1,offensive language,21625,0.0113530755,0.9886469,True
3,0,3,0,1,offensive language,10374,0.0027510524,0.99724895,True
3,0,3,0,1,offensive language,4574,0.06974316,0.93025684,True
3,1,2,0,1,offensive language,6700,0.9470975,0.052902505,False
3,0,2,1,1,offensive language,3329,0.0025302172,0.9974698,True
3,1,2,0,1,offensive language,20972,0.0025150776,0.9974849,True
6,0,6,0,1,offensive language,18218,0.02077961,0.9792204,True
3,0,2,1,1,offensive language,21901,0.96275616,0.037243865,False
3,0,3,0,1,offensive language,24279,0.046072006,0.953928,True
3,1,2,0,1,offensive language,10409,0.0069499016,0.9930501,True
3,0,2,1,1,offensive language,15813,0.52838534,0.47161466,False
6,1,5,0,1,offensive language,16727,0.015046716,0.9849533,True
3,0,3,0,1,offensive language,3207,0.0012087226,0.9987913,True
3,0,3,0,1,offensive language,8252,0.0365566,0.9634434,True
3,0,2,1,1,offensive language,18636,0.43109518,0.5689048,True
3,0,3,0,1,offensive language,4099,0.002969265,0.99703074,True
3,0,3,0,1,offensive language,13379,0.025931954,0.97406805,True
3,2,1,0,0,hate speech,15516,0.0059577823,0.9940422,True
3,2,0,1,0,hate speech,4131,0.9801824,0.019817602,False
3,0,3,0,1,offensive language,13847,0.0066221356,0.99337786,True
3,1,2,0,1,offensive language,15119,0.005362332,0.99463767,True
6,0,6,0,1,offensive language,12336,0.021543503,0.9784565,True
3,0,3,0,1,offensive language,16911,0.11493063,0.8850694,True
3,3,0,0,0,hate speech,14984,0.29492188,0.7050781,True
9,1,8,0,1,offensive language,7479,0.05233407,0.9476659,True
3,0,3,0,1,offensive language,6327,0.9793154,0.020684585,False
3,0,3,0,1,offensive language,1216,0.6307019,0.36929813,False
3,0,3,0,1,offensive language,19154,0.5906266,0.40937343,False
3,1,2,0,1,offensive language,17487,0.009963512,0.9900365,True
3,0,2,1,1,offensive language,3118,0.24475169,0.7552483,True
3,0,3,0,1,offensive language,7651,0.06337023,0.9366298,True
3,0,3,0,1,offensive language,15259,0.17037588,0.8296241,True
3,0,3,0,1,offensive language,15022,0.004360199,0.9956398,True
3,1,2,0,1,offensive language,7488,0.0069119334,0.99308807,True
3,1,2,0,1,offensive language,16236,0.050495327,0.9495047,True
3,0,3,0,1,offensive language,22512,0.8302703,0.16972974,False
3,0,3,0,1,offensive language,3436,0.008059323,0.9919407,True
3,0,3,0,1,offensive language,24437,0.066360176,0.9336398,True
3,1,2,0,1,offensive language,23774,0.82682717,0.17317282,False
3,0,3,0,1,offensive language,6222,0.72790617,0.27209383,False
3,0,3,0,1,offensive language,11243,0.005622208,0.9943778,True
3,1,2,0,1,offensive language,5357,0.053960085,0.9460399,True
3,0,3,0,1,offensive language,11149,0.009521127,0.9904789,True
3,0,3,0,1,offensive language,11384,0.03160113,0.96839887,True
3,3,0,0,0,hate speech,23965,0.0030658245,0.9969342,True
3,0,2,1,1,offensive language,396,0.0043469667,0.99565303,True
3,1,2,0,1,offensive language,10432,0.016266286,0.9837337,True
3,0,3,0,1,offensive language,6902,0.012052953,0.98794705,True
3,3,0,0,0,hate speech,19518,0.034130752,0.96586925,True
3,0,3,0,1,offensive language,15332,0.05203122,0.9479688,True
3,2,1,0,0,hate speech,646,0.0021015406,0.99789846,True
3,1,2,0,1,offensive language,6286,0.47051114,0.52948886,True
3,0,2,1,1,offensive language,1733,0.36332065,0.63667935,True
3,0,3,0,1,offensive language,14555,0.94208145,0.05791857,False
3,0,3,0,1,offensive language,4134,0.73329127,0.26670876,False
3,1,2,0,1,offensive language,22629,0.0061064363,0.99389356,True
3,0,3,0,1,offensive language,13239,0.018855274,0.9811447,True
3,0,3,0,1,offensive language,15702,0.0062473416,0.99375266,True
3,1,2,0,1,offensive language,21923,0.0025187135,0.9974813,True
3,0,3,0,1,offensive language,21768,0.4819569,0.5180431,True
3,0,3,0,1,offensive language,994,0.060583055,0.93941694,True
3,0,3,0,1,offensive language,9427,0.010976315,0.9890237,True
3,3,0,0,0,hate speech,11345,0.03220755,0.96779245,True
3,0,3,0,1,offensive language,18873,0.0015919805,0.998408,True
3,1,2,0,1,offensive language,619,0.2870487,0.7129513,True
3,1,2,0,1,offensive language,11505,0.005620301,0.9943797,True
3,0,3,0,1,offensive language,18690,0.14217454,0.85782546,True
3,0,3,0,1,offensive language,13198,0.0036396384,0.99636036,True
3,0,3,0,1,offensive language,19395,0.994574,0.005425983,False
9,2,7,0,1,offensive language,9288,0.0035716891,0.9964283,True
3,0,3,0,1,offensive language,17373,0.47143316,0.52856684,True
3,0,3,0,1,offensive language,6964,0.9776301,0.022369942,False
3,0,3,0,1,offensive language,17587,0.08345848,0.9165415,True
3,0,3,0,1,offensive language,18209,0.0035048127,0.9964952,True
3,0,2,1,1,offensive language,17946,0.01973188,0.9802681,True
3,0,3,0,1,offensive language,5140,0.7159376,0.28406242,False
3,0,3,0,1,offensive language,6488,0.026024759,0.97397524,True
3,3,0,0,0,hate speech,10631,0.006011963,0.99398804,True
3,0,3,0,1,offensive language,12274,0.43563783,0.56436217,True
3,1,2,0,1,offensive language,20318,0.9964403,0.0035597086,False
3,0,3,0,1,offensive language,5669,0.022686064,0.97731394,True
3,0,2,1,1,offensive language,15756,0.9167304,0.08326959,False
3,0,3,0,1,offensive language,14815,0.018557131,0.98144287,True
3,0,3,0,1,offensive language,22541,0.087344706,0.9126553,True
3,0,3,0,1,offensive language,16713,0.51214826,0.4878517,False
3,0,2,1,1,offensive language,1581,0.5772568,0.42274317,False
3,2,1,0,0,hate speech,9393,0.16617078,0.8338292,True
3,0,3,0,1,offensive language,24087,0.012239754,0.98776025,True
4,1,3,0,1,offensive language,14605,0.02775079,0.9722492,True
3,0,3,0,1,offensive language,1314,0.1768688,0.8231312,True
3,0,2,1,1,offensive language,22846,0.97350156,0.02649842,False
3,0,3,0,1,offensive language,23771,0.0013976693,0.99860233,True
3,0,3,0,1,offensive language,11203,0.013925135,0.98607486,True
3,0,3,0,1,offensive language,4755,0.9213395,0.0786605,False
3,0,3,0,1,offensive language,15989,0.039459586,0.9605404,True
3,0,3,0,1,offensive language,16674,0.24325264,0.75674736,True
3,0,3,0,1,offensive language,19109,0.16675359,0.8332464,True
3,0,3,0,1,offensive language,4935,0.017764807,0.9822352,True
3,0,3,0,1,offensive language,11764,0.0043066144,0.9956934,True
3,0,3,0,1,offensive language,10647,0.019492686,0.9805073,True
3,0,3,0,1,offensive language,2746,0.0059541464,0.99404585,True
3,0,3,0,1,offensive language,9745,0.016480863,0.98351914,True
3,0,3,0,1,offensive language,11838,0.030321538,0.96967846,True
4,0,4,0,1,offensive language,9542,0.0076346993,0.9923653,True
3,0,3,0,1,offensive language,11714,0.00693202,0.993068,True
3,1,2,0,1,offensive language,2710,0.13250798,0.867492,True
3,0,3,0,1,offensive language,22165,0.0088044405,0.99119556,True
3,0,3,0,1,offensive language,14384,0.8572401,0.14275993,False
3,1,2,0,1,offensive language,3850,0.0037943125,0.9962057,True
3,0,3,0,1,offensive language,3223,0.01948005,0.98051995,True
3,2,1,0,0,hate speech,3048,0.7870514,0.2129486,False
3,0,3,0,1,offensive language,12611,0.0051935315,0.99480647,True
3,0,3,0,1,offensive language,14281,0.1395905,0.8604095,True
3,1,2,0,1,offensive language,4258,0.12106687,0.87893313,True
6,0,6,0,1,offensive language,21988,0.014796376,0.9852036,True
3,1,2,0,1,offensive language,9279,0.001164496,0.9988355,True
6,0,6,0,1,offensive language,1509,0.08966476,0.91033524,True
3,0,3,0,1,offensive language,5356,0.38044655,0.61955345,True
3,0,3,0,1,offensive language,18359,0.85473174,0.14526825,False
3,0,3,0,1,offensive language,332,0.7751219,0.22487807,False
3,0,3,0,1,offensive language,17301,0.13420498,0.865795,True
3,0,3,0,1,offensive language,7176,0.0015889406,0.99841106,True
3,0,3,0,1,offensive language,21700,0.010672152,0.98932785,True
9,0,9,0,1,offensive language,24204,0.0019029975,0.998097,True
3,1,2,0,1,offensive language,12259,0.004829347,0.99517065,True
3,0,3,0,1,offensive language,22240,0.1338036,0.8661964,True
3,0,3,0,1,offensive language,17724,0.0048277974,0.9951722,True
3,2,1,0,0,hate speech,1431,0.06915671,0.9308433,True
3,0,3,0,1,offensive language,13741,0.014084101,0.9859159,True
3,0,3,0,1,offensive language,19495,0.31324565,0.68675435,True
3,0,3,0,1,offensive language,7692,0.0019996762,0.9980003,True
3,0,3,0,1,offensive language,22490,0.5732561,0.42674392,False
3,0,3,0,1,offensive language,12150,0.07644832,0.9235517,True
3,0,3,0,1,offensive language,9855,0.0037437677,0.99625623,True
3,0,3,0,1,offensive language,17579,0.8275014,0.17249861,False
3,0,2,1,1,offensive language,4627,0.07581717,0.92418283,True
6,1,5,0,1,offensive language,22861,0.0043517947,0.9956482,True
3,1,2,0,1,offensive language,17001,0.44331133,0.55668867,True
3,2,1,0,0,hate speech,6275,0.3807369,0.6192631,True
3,0,3,0,1,offensive language,17651,0.25791007,0.7420899,True
3,0,3,0,1,offensive language,24213,0.60011727,0.39988273,False
3,0,3,0,1,offensive language,19039,0.5831435,0.41685656,False
3,1,2,0,1,offensive language,6355,0.015691936,0.98430806,True
3,0,2,1,1,offensive language,18974,0.029307723,0.9706923,True
3,0,3,0,1,offensive language,3723,0.003401935,0.99659806,True
3,1,2,0,1,offensive language,17471,0.31262612,0.6873739,True
3,0,3,0,1,offensive language,13506,0.32941723,0.6705828,True
3,0,3,0,1,offensive language,20120,0.4690929,0.5309071,True
3,2,1,0,0,hate speech,5000,0.0023601055,0.9976399,True
3,2,1,0,0,hate speech,9389,0.005186558,0.99481344,True
3,0,3,0,1,offensive language,17640,0.03860092,0.9613991,True
3,0,3,0,1,offensive language,18169,0.079871535,0.92012846,True
6,1,5,0,1,offensive language,3288,0.06752622,0.9324738,True
3,0,2,1,1,offensive language,13264,0.33224028,0.6677597,True
6,0,6,0,1,offensive language,10154,0.0062412024,0.9937588,True
3,1,2,0,1,offensive language,706,0.22025305,0.77974695,True
3,0,3,0,1,offensive language,15824,0.0041331053,0.9958669,True
3,0,3,0,1,offensive language,5652,0.10678911,0.8932109,True
3,0,3,0,1,offensive language,8522,0.12623411,0.8737659,True
3,0,3,0,1,offensive language,1769,0.049805164,0.95019484,True
6,0,6,0,1,offensive language,14082,0.0075253844,0.9924746,True
3,1,2,0,1,offensive language,19624,0.016367137,0.98363286,True
3,0,3,0,1,offensive language,5497,0.047536075,0.9524639,True
3,1,2,0,1,offensive language,14342,0.09532082,0.9046792,True
3,0,3,0,1,offensive language,580,0.01448524,0.98551476,True
3,0,3,0,1,offensive language,12551,0.013800383,0.9861996,True
3,0,3,0,1,offensive language,22486,0.014710367,0.98528963,True
3,0,3,0,1,offensive language,2196,0.5943614,0.4056386,False
3,0,3,0,1,offensive language,17753,0.0026515722,0.9973484,True
3,0,3,0,1,offensive language,1772,0.08521676,0.91478324,True
3,0,3,0,1,offensive language,2543,0.15341413,0.84658587,True
3,0,2,1,1,offensive language,4660,0.10000092,0.8999991,True
3,0,3,0,1,offensive language,13059,0.0027738214,0.9972262,True
3,1,2,0,1,offensive language,19291,0.01515007,0.98484993,True
3,0,3,0,1,offensive language,22929,0.007904112,0.9920959,True
3,0,3,0,1,offensive language,21698,0.033671796,0.9663282,True
6,1,5,0,1,offensive language,16601,0.0022221208,0.9977779,True
3,1,2,0,1,offensive language,14505,0.9759736,0.024026418,False
3,0,2,1,1,offensive language,10177,0.5884059,0.4115941,False
3,0,3,0,1,offensive language,6074,0.0029135346,0.99708647,True
3,0,3,0,1,offensive language,6169,0.03846073,0.96153927,True
3,0,2,1,1,offensive language,19263,0.8504937,0.14950626,False
3,1,2,0,1,offensive language,24193,0.05553317,0.9444668,True
3,0,3,0,1,offensive language,17133,0.8823421,0.11765791,False
3,0,3,0,1,offensive language,14775,0.023122072,0.9768779,True
3,0,3,0,1,offensive language,10808,0.2317363,0.7682637,True
3,1,2,0,1,offensive language,7177,0.012087882,0.9879121,True
3,0,3,0,1,offensive language,23408,0.032021523,0.9679785,True
3,0,3,0,1,offensive language,1751,0.09487277,0.9051272,True
3,0,3,0,1,offensive language,18404,0.050018847,0.94998115,True
3,0,3,0,1,offensive language,3375,0.006259382,0.9937406,True
3,0,3,0,1,offensive language,6075,0.006942153,0.99305785,True
3,1,2,0,1,offensive language,4575,0.09444088,0.9055591,True
6,1,5,0,1,offensive language,11733,0.08316314,0.91683686,True
3,0,3,0,1,offensive language,7982,0.01052767,0.9894723,True
6,0,6,0,1,offensive language,16248,0.45731217,0.54268783,True
3,0,3,0,1,offensive language,5382,0.04385686,0.95614314,True
3,0,3,0,1,offensive language,4895,0.36911994,0.63088006,True
3,0,3,0,1,offensive language,2579,0.0021062493,0.99789375,True
3,0,3,0,1,offensive language,16011,0.0019177198,0.9980823,True
3,0,2,1,1,offensive language,6579,0.5640149,0.4359851,False
3,0,3,0,1,offensive language,1042,0.2077446,0.7922554,True
3,0,3,0,1,offensive language,20911,0.0018456578,0.99815434,True
3,2,1,0,0,hate speech,23462,0.0015310645,0.99846894,True
3,0,3,0,1,offensive language,8242,0.023441195,0.9765588,True
3,0,3,0,1,offensive language,11101,0.06775147,0.93224853,True
3,0,3,0,1,offensive language,3336,0.0016572475,0.99834275,True
3,0,3,0,1,offensive language,14450,0.004236698,0.9957633,True
3,0,3,0,1,offensive language,12894,0.97567123,0.02432877,False
3,0,3,0,1,offensive language,23221,0.30584556,0.69415444,True
3,0,3,0,1,offensive language,2124,0.008046091,0.9919539,True
9,0,9,0,1,offensive language,17020,0.022992373,0.9770076,True
3,0,3,0,1,offensive language,23257,0.00677073,0.99322927,True
3,1,2,0,1,offensive language,18077,0.06839186,0.93160814,True
3,0,3,0,1,offensive language,8797,0.64366937,0.3563306,False
3,0,3,0,1,offensive language,11632,0.030594409,0.9694056,True
3,0,3,0,1,offensive language,1901,0.3624524,0.6375476,True
3,0,3,0,1,offensive language,23179,0.0027973652,0.99720263,True
3,0,3,0,1,offensive language,13049,0.7723373,0.22766267,False
3,0,3,0,1,offensive language,12185,0.11628121,0.8837188,True
3,0,3,0,1,offensive language,14829,0.031438887,0.9685611,True
3,1,2,0,1,offensive language,3038,0.010649741,0.98935026,True
3,1,2,0,1,offensive language,11478,0.01505512,0.9849449,True
3,0,3,0,1,offensive language,3905,0.013222992,0.986777,True
3,0,3,0,1,offensive language,2881,0.033031523,0.9669685,True
3,1,2,0,1,offensive language,19856,0.0057579875,0.994242,True
3,1,2,0,1,offensive language,22998,0.95926934,0.040730674,False
3,0,3,0,1,offensive language,8767,0.0038771033,0.9961229,True
3,0,3,0,1,offensive language,13041,0.054768503,0.9452315,True
3,0,3,0,1,offensive language,1177,0.0042377114,0.9957623,True
3,1,2,0,1,offensive language,9874,0.0011822581,0.99881774,True
3,1,2,0,1,offensive language,13069,0.05681491,0.9431851,True
3,0,3,0,1,offensive language,21617,0.062342346,0.93765765,True
3,0,3,0,1,offensive language,9387,0.0018906593,0.99810934,True
3,0,3,0,1,offensive language,3842,0.018560112,0.9814399,True
3,0,3,0,1,offensive language,1537,0.23620903,0.76379097,True
3,2,1,0,0,hate speech,1394,0.026153445,0.97384655,True
3,0,3,0,1,offensive language,1264,0.11839032,0.8816097,True
3,0,3,0,1,offensive language,23058,0.0032730103,0.996727,True
3,0,3,0,1,offensive language,23854,0.008252859,0.99174714,True
3,0,3,0,1,offensive language,17976,0.015751898,0.9842481,True
3,0,2,1,1,offensive language,12101,0.14845943,0.85154057,True
9,0,9,0,1,offensive language,18925,0.030938506,0.9690615,True
3,1,2,0,1,offensive language,10436,0.007513523,0.9924865,True
3,0,3,0,1,offensive language,15511,0.9528057,0.047194287,False
3,0,3,0,1,offensive language,4690,0.0025489926,0.997451,True
3,0,3,0,1,offensive language,20138,0.0031567812,0.9968432,True
3,2,1,0,0,hate speech,17643,0.101519465,0.89848053,True
3,0,3,0,1,offensive language,7486,0.11174154,0.88825846,True
3,0,3,0,1,offensive language,22978,0.0011172891,0.9988827,True
6,0,6,0,1,offensive language,15311,0.00685364,0.99314636,True
3,1,2,0,1,offensive language,12054,0.009204209,0.9907958,True
3,0,3,0,1,offensive language,7116,0.0052830577,0.99471694,True
3,0,3,0,1,offensive language,10852,0.1152944,0.8847056,True
3,0,3,0,1,offensive language,4847,0.29883307,0.7011669,True
3,0,3,0,1,offensive language,15201,0.04186642,0.9581336,True
3,0,3,0,1,offensive language,16609,0.01865679,0.9813432,True
3,0,3,0,1,offensive language,20298,0.0022698045,0.9977302,True
6,0,6,0,1,offensive language,14785,0.03649378,0.9635062,True
3,0,2,1,1,offensive language,24489,0.1597088,0.8402912,True
3,1,2,0,1,offensive language,17638,0.1777482,0.8222518,True
3,0,3,0,1,offensive language,3197,0.008906901,0.9910931,True
3,2,1,0,0,hate speech,4848,0.51116604,0.48883396,False
3,0,3,0,1,offensive language,11836,0.006442249,0.99355775,True
6,0,5,1,1,offensive language,6049,0.97610795,0.023892071,False
3,2,1,0,0,hate speech,2852,0.002182126,0.9978179,True
3,0,3,0,1,offensive language,24297,0.05426073,0.94573927,True
3,0,3,0,1,offensive language,9299,0.0030645132,0.9969355,True
3,0,3,0,1,offensive language,9433,0.20212537,0.7978746,True
3,0,3,0,1,offensive language,18094,0.017804444,0.98219556,True
3,0,2,1,1,offensive language,546,0.99725294,0.0027470721,False
3,0,3,0,1,offensive language,10830,0.0027647614,0.99723524,True
3,1,2,0,1,offensive language,6566,0.081935406,0.9180646,True
3,0,3,0,1,offensive language,22365,0.007745266,0.99225473,True
3,0,3,0,1,offensive language,4702,0.63554287,0.36445713,False
3,1,2,0,1,offensive language,12311,0.003067851,0.99693215,True
3,0,3,0,1,offensive language,23869,0.003913641,0.99608636,True
3,0,3,0,1,offensive language,6022,0.0073077083,0.9926923,True
3,2,1,0,0,hate speech,21653,0.028155506,0.9718445,True
3,1,2,0,1,offensive language,8040,0.00095933676,0.99904066,True
3,0,2,1,1,offensive language,17687,0.9887433,0.011256724,False
3,0,3,0,1,offensive language,21497,0.019191623,0.9808084,True
3,0,3,0,1,offensive language,8134,0.70203346,0.29796654,False
3,0,3,0,1,offensive language,471,0.045838416,0.9541616,True
3,0,3,0,1,offensive language,20392,0.9380232,0.061976776,False
3,0,3,0,1,offensive language,5057,0.6621237,0.3378763,False
3,0,3,0,1,offensive language,24624,0.010672569,0.98932743,True
3,0,2,1,1,offensive language,16868,0.5351728,0.46482715,False
3,2,0,1,0,hate speech,13394,0.15500218,0.8449978,True
3,1,2,0,1,offensive language,23662,0.008603871,0.9913961,True
3,1,2,0,1,offensive language,3494,0.0016776919,0.9983223,True
3,0,2,1,1,offensive language,8708,0.9990611,0.00093886984,False
3,0,3,0,1,offensive language,8018,0.0059989095,0.9940011,True
3,0,3,0,1,offensive language,19239,0.0033493638,0.99665064,True
3,0,3,0,1,offensive language,18886,0.009835064,0.99016494,True
3,0,3,0,1,offensive language,2116,0.59906304,0.400937,False
3,0,3,0,1,offensive language,16725,0.10645336,0.89354664,True
3,0,3,0,1,offensive language,8634,0.010776281,0.9892237,True
3,0,3,0,1,offensive language,19219,0.0066126585,0.99338734,True
3,0,3,0,1,offensive language,4431,0.004696369,0.99530363,True
9,0,9,0,1,offensive language,14964,0.10806829,0.8919317,True
3,2,1,0,0,hate speech,22153,0.07178968,0.9282103,True
3,0,3,0,1,offensive language,16095,0.040780663,0.95921934,True
3,0,3,0,1,offensive language,8823,0.0068223476,0.99317765,True
3,0,3,0,1,offensive language,10713,0.16656429,0.8334357,True
3,1,2,0,1,offensive language,6483,0.0039055943,0.9960944,True
3,1,2,0,1,offensive language,22377,0.006888032,0.99311197,True
3,0,3,0,1,offensive language,10664,0.08810538,0.9118946,True
3,0,3,0,1,offensive language,10949,0.034107327,0.9658927,True
3,0,3,0,1,offensive language,24723,0.031644523,0.9683555,True
3,0,3,0,1,offensive language,22123,0.011161029,0.988839,True
3,0,3,0,1,offensive language,22954,0.0064201355,0.99357986,True
4,0,4,0,1,offensive language,6905,0.018656671,0.9813433,True
3,1,2,0,1,offensive language,10253,0.035149515,0.9648505,True
3,0,3,0,1,offensive language,10362,0.091679156,0.90832084,True
3,0,3,0,1,offensive language,5344,0.026137054,0.97386295,True
3,0,2,1,1,offensive language,20327,0.4460979,0.5539021,True
3,0,3,0,1,offensive language,13791,0.20057476,0.79942524,True
3,0,3,0,1,offensive language,445,0.001940906,0.9980591,True
3,0,3,0,1,offensive language,15374,0.9817786,0.018221393,False
3,0,3,0,1,offensive language,8254,0.09278774,0.90721226,True
3,1,2,0,1,offensive language,7502,0.0026637912,0.9973362,True
3,0,3,0,1,offensive language,3414,0.02037996,0.97962004,True
3,0,3,0,1,offensive language,20295,0.009114325,0.9908857,True
3,0,3,0,1,offensive language,1682,0.5947266,0.40527338,False
3,0,3,0,1,offensive language,16781,0.0037637353,0.99623626,True
3,1,2,0,1,offensive language,18554,0.11635792,0.8836421,True
3,0,3,0,1,offensive language,13420,0.2879098,0.7120902,True
3,0,3,0,1,offensive language,4088,0.9167866,0.08321338,False
3,0,3,0,1,offensive language,16322,0.02478683,0.97521317,True
3,0,3,0,1,offensive language,24276,0.3751341,0.6248659,True
3,0,3,0,1,offensive language,6865,0.004786372,0.9952136,True
3,0,3,0,1,offensive language,17562,0.033414185,0.9665858,True
3,1,2,0,1,offensive language,13862,0.012542546,0.98745745,True
3,2,1,0,0,hate speech,5541,0.3356803,0.6643197,True
3,1,2,0,1,offensive language,24309,0.0055309534,0.99446905,True
6,0,5,1,1,offensive language,6295,0.86695033,0.13304965,False
3,0,3,0,1,offensive language,1291,0.013213396,0.9867866,True
6,1,5,0,1,offensive language,18950,0.0041841865,0.9958158,True
3,0,3,0,1,offensive language,23653,0.0068125725,0.9931874,True
3,0,3,0,1,offensive language,7171,0.029956996,0.970043,True
3,1,2,0,1,offensive language,5556,0.095154345,0.90484565,True
3,0,3,0,1,offensive language,17180,0.075692296,0.9243077,True
3,0,3,0,1,offensive language,11133,0.025843143,0.97415686,True
3,0,3,0,1,offensive language,9114,0.0068044662,0.99319553,True
3,0,3,0,1,offensive language,8885,0.001959145,0.99804085,True
3,2,1,0,0,hate speech,20362,0.2545926,0.7454074,True
3,0,3,0,1,offensive language,4195,0.59340346,0.40659654,False
3,0,3,0,1,offensive language,3289,0.04196477,0.95803523,True
3,0,3,0,1,offensive language,12448,0.0038793683,0.99612063,True
3,1,2,0,1,offensive language,13225,0.05243385,0.94756615,True
3,1,2,0,1,offensive language,24713,0.045501173,0.9544988,True
3,0,3,0,1,offensive language,22506,0.026094198,0.9739058,True
3,0,2,1,1,offensive language,7339,0.03840828,0.9615917,True
3,0,3,0,1,offensive language,1572,0.064425826,0.9355742,True
3,1,2,0,1,offensive language,18855,0.009138823,0.9908612,True
3,2,1,0,0,hate speech,3210,0.028766274,0.9712337,True
3,0,3,0,1,offensive language,23939,0.072784364,0.92721564,True
9,1,8,0,1,offensive language,17514,0.024722338,0.97527766,True
3,0,3,0,1,offensive language,1714,0.0050193667,0.99498063,True
3,1,2,0,1,offensive language,9051,0.011211336,0.98878866,True
3,1,2,0,1,offensive language,13289,0.05535525,0.94464475,True
3,0,3,0,1,offensive language,17115,0.08352804,0.91647196,True
3,0,3,0,1,offensive language,19765,0.19128495,0.80871505,True
3,0,3,0,1,offensive language,885,0.0027611256,0.9972389,True
3,0,3,0,1,offensive language,6853,0.00906378,0.9909362,True
3,0,3,0,1,offensive language,4765,0.008010089,0.9919899,True
3,0,3,0,1,offensive language,904,0.14844579,0.8515542,True
3,0,3,0,1,offensive language,19226,0.03167355,0.96832645,True
3,0,3,0,1,offensive language,21944,0.007757008,0.992243,True
3,1,2,0,1,offensive language,21280,0.0033416748,0.9966583,True
3,0,3,0,1,offensive language,1592,0.08685255,0.91314745,True
3,0,3,0,1,offensive language,21369,0.006839037,0.99316096,True
3,0,3,0,1,offensive language,13341,0.0015776157,0.9984224,True
3,0,3,0,1,offensive language,15945,0.008820474,0.9911795,True
3,0,3,0,1,offensive language,16038,0.025449157,0.97455084,True
3,0,3,0,1,offensive language,22715,0.06534326,0.93465674,True
3,0,3,0,1,offensive language,13181,0.0248968,0.9751032,True
3,0,3,0,1,offensive language,10298,0.032241166,0.96775883,True
3,0,3,0,1,offensive language,17856,0.035784185,0.9642158,True
3,0,3,0,1,offensive language,407,0.997159,0.0028409718,False
3,0,3,0,1,offensive language,2582,0.011386752,0.98861325,True
3,0,2,1,1,offensive language,5515,0.91180557,0.08819444,False
3,0,3,0,1,offensive language,23842,0.0036905408,0.99630946,True
3,1,2,0,1,offensive language,7557,0.16241616,0.83758384,True
3,0,3,0,1,offensive language,20628,0.01251173,0.98748827,True
3,1,2,0,1,offensive language,15383,0.08271682,0.9172832,True
3,1,2,0,1,offensive language,23169,0.06895441,0.9310456,True
3,0,3,0,1,offensive language,985,0.19949776,0.80050224,True
3,0,3,0,1,offensive language,5606,0.013299584,0.9867004,True
6,1,5,0,1,offensive language,16395,0.0070315003,0.9929685,True
3,0,3,0,1,offensive language,21304,0.015056193,0.9849438,True
3,0,3,0,1,offensive language,3891,0.041793942,0.95820606,True
3,2,1,0,0,hate speech,7264,0.025617182,0.9743828,True
3,0,3,0,1,offensive language,16140,0.09616321,0.9038368,True
3,1,2,0,1,offensive language,9444,0.0019673705,0.9980326,True
3,1,2,0,1,offensive language,22385,0.0036346912,0.9963653,True
3,0,3,0,1,offensive language,5089,0.006135285,0.9938647,True
3,2,1,0,0,hate speech,19880,0.09512758,0.9048724,True
3,0,3,0,1,offensive language,9451,0.9682803,0.031719685,False
3,0,3,0,1,offensive language,5289,0.014706016,0.985294,True
3,0,2,1,1,offensive language,16033,0.063455045,0.93654495,True
3,0,3,0,1,offensive language,20629,0.010670006,0.98933,True
6,0,5,1,1,offensive language,21989,0.0068193674,0.99318063,True
3,1,2,0,1,offensive language,11800,0.036371708,0.9636283,True
3,0,3,0,1,offensive language,132,0.0019367337,0.99806327,True
3,2,1,0,0,hate speech,3657,0.003142953,0.99685705,True
3,1,2,0,1,offensive language,16219,0.045705676,0.9542943,True
3,0,3,0,1,offensive language,24501,0.0029418468,0.99705815,True
3,0,3,0,1,offensive language,16326,0.12888157,0.8711184,True
3,0,3,0,1,offensive language,17360,0.106009185,0.8939908,True
3,0,3,0,1,offensive language,23677,0.011182666,0.98881733,True
3,0,2,1,1,offensive language,8685,0.085087776,0.9149122,True
3,0,3,0,1,offensive language,18796,0.09494007,0.90505993,True
3,3,0,0,0,hate speech,9327,0.0017034411,0.99829656,True
3,0,3,0,1,offensive language,6999,0.005860448,0.99413955,True
3,0,3,0,1,offensive language,6494,0.07959068,0.9204093,True
3,0,3,0,1,offensive language,7867,0.0030528903,0.9969471,True
3,0,3,0,1,offensive language,6838,0.9744796,0.025520356,False
3,0,3,0,1,offensive language,23230,0.030741215,0.9692588,True
3,0,3,0,1,offensive language,8054,0.002468586,0.9975314,True
3,3,0,0,0,hate speech,14760,0.020942152,0.97905785,True
3,0,3,0,1,offensive language,8551,0.03395182,0.9660482,True
4,0,4,0,1,offensive language,5429,0.0100412965,0.9899587,True
3,1,2,0,1,offensive language,17545,0.052205384,0.9477946,True
3,0,3,0,1,offensive language,24283,0.9865988,0.013401201,False
3,0,2,1,1,offensive language,19757,0.18442059,0.8155794,True
3,1,2,0,1,offensive language,22357,0.53811896,0.461881,False
3,0,3,0,1,offensive language,2990,0.001704514,0.9982955,True
3,1,2,0,1,offensive language,23498,0.008068502,0.9919315,True
3,1,2,0,1,offensive language,19501,0.11258423,0.88741577,True
3,2,1,0,0,hate speech,19630,0.010181844,0.98981816,True
3,0,3,0,1,offensive language,18011,0.11218959,0.8878104,True
3,0,3,0,1,offensive language,17563,0.0069571733,0.9930428,True
3,0,3,0,1,offensive language,15940,0.089808404,0.9101916,True
3,0,2,1,1,offensive language,2246,0.003862083,0.9961379,True
3,0,3,0,1,offensive language,11367,0.054724634,0.94527537,True
3,0,3,0,1,offensive language,21130,0.81450826,0.18549173,False
3,0,3,0,1,offensive language,24269,0.015617788,0.9843822,True
3,0,3,0,1,offensive language,236,0.9957909,0.0042090896,False
6,0,5,1,1,offensive language,1010,0.99669015,0.0033098261,False
3,2,1,0,0,hate speech,9272,0.0013906956,0.9986093,True
3,0,3,0,1,offensive language,3820,0.0745576,0.9254424,True
3,0,3,0,1,offensive language,23729,0.0020580888,0.9979419,True
3,0,3,0,1,offensive language,14157,0.11904597,0.880954,True
3,0,3,0,1,offensive language,1819,0.017931283,0.9820687,True
3,0,3,0,1,offensive language,16201,0.007450342,0.99254966,True
3,0,3,0,1,offensive language,12506,0.0027697682,0.99723023,True
3,2,1,0,0,hate speech,6271,0.21289825,0.78710175,True
3,0,3,0,1,offensive language,6248,0.0033025742,0.9966974,True
3,0,2,1,1,offensive language,22740,0.17779744,0.82220256,True
3,2,1,0,0,hate speech,4734,0.28729004,0.71270996,True
3,0,3,0,1,offensive language,12910,0.9877599,0.0122401165,False
3,0,2,1,1,offensive language,6119,0.3222412,0.6777588,True
3,1,2,0,1,offensive language,13850,0.023322165,0.97667783,True
3,1,2,0,1,offensive language,13375,0.0017902851,0.9982097,True
3,1,2,0,1,offensive language,21510,0.014291048,0.98570895,True
3,0,3,0,1,offensive language,3435,0.0041919947,0.995808,True
6,0,6,0,1,offensive language,24108,0.03967446,0.96032554,True
3,0,3,0,1,offensive language,2608,0.0021492243,0.9978508,True
3,0,3,0,1,offensive language,5973,0.004476905,0.9955231,True
3,0,3,0,1,offensive language,7083,0.05965185,0.94034815,True
3,0,3,0,1,offensive language,19774,0.19215065,0.80784935,True
3,0,3,0,1,offensive language,17989,0.012889266,0.98711073,True
4,0,4,0,1,offensive language,8529,0.09635335,0.90364665,True
3,0,3,0,1,offensive language,5288,0.012512922,0.9874871,True
3,0,3,0,1,offensive language,8574,0.0016682744,0.9983317,True
3,0,3,0,1,offensive language,23781,0.0077235103,0.9922765,True
6,1,5,0,1,offensive language,9457,0.05883813,0.9411619,True
3,1,2,0,1,offensive language,23324,0.013573408,0.9864266,True
6,1,5,0,1,offensive language,2038,0.029365242,0.97063476,True
3,2,1,0,0,hate speech,17787,0.008183062,0.99181694,True
3,0,3,0,1,offensive language,1794,0.075237274,0.9247627,True
3,0,3,0,1,offensive language,4844,0.08050841,0.9194916,True
3,1,2,0,1,offensive language,13514,0.0044232607,0.99557674,True
3,1,2,0,1,offensive language,7600,0.014281094,0.9857189,True
3,0,2,1,1,offensive language,24101,0.023026645,0.97697335,True
3,0,3,0,1,offensive language,3255,0.0035210252,0.996479,True
3,0,3,0,1,offensive language,15172,0.0014214516,0.99857855,True
3,0,3,0,1,offensive language,6386,0.0053468943,0.9946531,True
3,0,3,0,1,offensive language,11567,0.08538604,0.91461396,True
3,0,3,0,1,offensive language,21415,0.2393868,0.7606132,True
3,0,3,0,1,offensive language,15803,0.0059838295,0.9940162,True
3,0,3,0,1,offensive language,8667,0.018235385,0.9817646,True
3,0,3,0,1,offensive language,2382,0.0067034364,0.99329656,True
3,0,3,0,1,offensive language,14668,0.008390963,0.99160904,True
3,0,3,0,1,offensive language,18515,0.0045716763,0.9954283,True
3,0,3,0,1,offensive language,16838,0.010213375,0.9897866,True
3,0,3,0,1,offensive language,2800,0.012158096,0.9878419,True
3,0,3,0,1,offensive language,7852,0.0830853,0.9169147,True
3,0,3,0,1,offensive language,3022,0.08244532,0.9175547,True
3,0,2,1,1,offensive language,5488,0.031037033,0.96896297,True
3,2,1,0,0,hate speech,14709,0.35473526,0.64526474,True
3,0,3,0,1,offensive language,20417,0.60706776,0.39293224,False
3,0,3,0,1,offensive language,13537,0.9842586,0.01574143,False
3,0,3,0,1,offensive language,7345,0.11671919,0.8832808,True
3,0,3,0,1,offensive language,8737,0.072629154,0.92737085,True
6,2,4,0,1,offensive language,23546,0.0051389337,0.99486107,True
3,0,3,0,1,offensive language,9438,0.5107913,0.48920867,False
3,0,3,0,1,offensive language,8347,0.059611797,0.9403882,True
3,0,3,0,1,offensive language,373,0.105288565,0.89471143,True
3,0,3,0,1,offensive language,23598,0.002724111,0.9972759,True
3,3,0,0,0,hate speech,17257,0.014734447,0.98526555,True
3,0,3,0,1,offensive language,2984,0.96003175,0.039968263,False
3,0,3,0,1,offensive language,11776,0.020838916,0.9791611,True
3,0,3,0,1,offensive language,2932,0.018455744,0.98154426,True
6,1,5,0,1,offensive language,2114,0.017977178,0.9820228,True
3,2,1,0,0,hate speech,3503,0.0012250543,0.99877495,True
6,0,6,0,1,offensive language,4543,0.002986312,0.9970137,True
3,0,3,0,1,offensive language,10666,0.07204133,0.92795867,True
3,0,3,0,1,offensive language,13071,0.039294124,0.9607059,True
3,0,3,0,1,offensive language,12805,0.031243682,0.9687563,True
3,1,2,0,1,offensive language,15377,0.016319633,0.98368037,True
3,0,3,0,1,offensive language,19662,0.21604127,0.78395873,True
3,0,3,0,1,offensive language,16268,0.0032532215,0.9967468,True
3,1,2,0,1,offensive language,9878,0.03140354,0.96859646,True
6,2,4,0,1,offensive language,21669,0.0013725758,0.9986274,True
3,0,3,0,1,offensive language,10036,0.026010752,0.97398925,True
3,1,2,0,1,offensive language,9589,0.018564045,0.98143595,True
3,0,3,0,1,offensive language,14873,0.1440705,0.8559295,True
3,0,3,0,1,offensive language,1713,0.05786878,0.9421312,True
3,0,3,0,1,offensive language,17842,0.029579401,0.9704206,True
3,0,3,0,1,offensive language,2770,0.30120146,0.69879854,True
3,0,3,0,1,offensive language,22912,0.0059506893,0.9940493,True
3,0,3,0,1,offensive language,18021,0.9731025,0.026897516,False
3,0,3,0,1,offensive language,7001,0.0027421117,0.9972579,True
3,0,3,0,1,offensive language,7834,0.0015048981,0.9984951,True
3,0,3,0,1,offensive language,9244,0.0020011067,0.9979989,True
3,0,3,0,1,offensive language,2613,0.0036905408,0.99630946,True
3,0,3,0,1,offensive language,15770,0.0805313,0.9194687,True
9,2,7,0,1,offensive language,9728,0.06123364,0.93876636,True
3,0,3,0,1,offensive language,6694,0.042239368,0.95776063,True
3,0,3,0,1,offensive language,24334,0.1104539,0.8895461,True
3,0,3,0,1,offensive language,4460,0.030643344,0.96935666,True
3,0,3,0,1,offensive language,15361,0.004096687,0.9959033,True
3,0,3,0,1,offensive language,21443,0.69695854,0.30304146,False
3,0,3,0,1,offensive language,14052,0.008549511,0.9914505,True
3,0,3,0,1,offensive language,10094,0.0019643903,0.9980356,True
3,0,3,0,1,offensive language,19530,0.011758983,0.988241,True
3,0,3,0,1,offensive language,19448,0.018678725,0.9813213,True
3,0,3,0,1,offensive language,6180,0.37051207,0.62948793,True
3,0,3,0,1,offensive language,19118,0.008062184,0.9919378,True
3,0,3,0,1,offensive language,35,0.008357167,0.99164283,True
3,1,2,0,1,offensive language,5985,0.34243065,0.65756935,True
9,1,8,0,1,offensive language,1136,0.04861164,0.95138836,True
3,0,3,0,1,offensive language,10134,0.0025439858,0.997456,True
3,0,3,0,1,offensive language,4386,0.003961444,0.99603856,True
3,0,3,0,1,offensive language,23133,0.970449,0.029551014,False
9,0,9,0,1,offensive language,18629,0.16654915,0.83345085,True
3,0,3,0,1,offensive language,19831,0.19731647,0.80268353,True
3,0,3,0,1,offensive language,10087,0.49538547,0.50461453,True
3,0,3,0,1,offensive language,11307,0.01443392,0.9855661,True
3,0,3,0,1,offensive language,6612,0.06437397,0.93562603,True
3,0,3,0,1,offensive language,22952,0.40956765,0.59043235,True
3,1,2,0,1,offensive language,22668,0.21368533,0.78631467,True
3,0,3,0,1,offensive language,21241,0.004614413,0.9953856,True
3,0,3,0,1,offensive language,21830,0.0078064203,0.9921936,True
3,0,3,0,1,offensive language,13997,0.6839167,0.3160833,False
3,0,3,0,1,offensive language,7376,0.019099653,0.98090035,True
3,0,3,0,1,offensive language,12136,0.14372331,0.8562767,True
3,0,2,1,1,offensive language,3302,0.5951124,0.40488762,False
3,0,3,0,1,offensive language,24599,0.0030701756,0.9969298,True
3,0,3,0,1,offensive language,251,0.0033097267,0.9966903,True
3,0,2,1,1,offensive language,16000,0.0133677125,0.9866323,True
3,0,2,1,1,offensive language,7951,0.096356034,0.90364397,True
3,0,3,0,1,offensive language,13792,0.0049275756,0.9950724,True
3,0,3,0,1,offensive language,4041,0.7930708,0.20692919,False
3,0,3,0,1,offensive language,8861,0.002387762,0.99761224,True
3,0,3,0,1,offensive language,4881,0.018820226,0.9811798,True
3,0,3,0,1,offensive language,17339,0.08261466,0.91738534,True
3,0,3,0,1,offensive language,12476,0.027973175,0.9720268,True
3,0,3,0,1,offensive language,3023,0.005605817,0.9943942,True
6,0,6,0,1,offensive language,2768,0.015360951,0.98463905,True
3,0,3,0,1,offensive language,7973,0.03218782,0.9678122,True
3,1,2,0,1,offensive language,3645,0.0223037,0.9776963,True
3,0,3,0,1,offensive language,15855,0.06870431,0.9312957,True
4,1,3,0,1,offensive language,16353,0.8316449,0.16835509,False
3,0,3,0,1,offensive language,6751,0.87844026,0.12155977,False
6,0,6,0,1,offensive language,12041,0.9259794,0.074020594,False
3,0,3,0,1,offensive language,503,0.08585948,0.9141405,True
3,0,2,1,1,offensive language,7412,0.03248799,0.967512,True
3,0,3,0,1,offensive language,21632,0.12230307,0.87769693,True
6,0,6,0,1,offensive language,17588,0.12014824,0.87985176,True
3,0,3,0,1,offensive language,7558,0.012315273,0.9876847,True
6,0,6,0,1,offensive language,7053,0.047839224,0.9521608,True
3,1,2,0,1,offensive language,7267,0.015654266,0.98434573,True
3,0,3,0,1,offensive language,8291,0.012400031,0.98759997,True
3,0,3,0,1,offensive language,17692,0.8665439,0.1334561,False
3,1,2,0,1,offensive language,13498,0.00687629,0.9931237,True
3,0,3,0,1,offensive language,17481,0.029955745,0.97004426,True
3,0,3,0,1,offensive language,23111,0.0060272813,0.9939727,True
3,0,2,1,1,offensive language,15466,0.004341364,0.99565864,True
3,0,3,0,1,offensive language,18035,0.11831987,0.88168013,True
3,1,2,0,1,offensive language,15598,0.00590086,0.99409914,True
3,0,3,0,1,offensive language,1165,0.039344728,0.9606553,True
3,0,3,0,1,offensive language,11404,0.05418682,0.9458132,True
3,0,3,0,1,offensive language,9385,0.019238412,0.9807616,True
3,2,1,0,0,hate speech,3161,0.09842509,0.9015749,True
3,0,3,0,1,offensive language,599,0.0026077032,0.9973923,True
3,0,3,0,1,offensive language,6020,0.0036105514,0.99638945,True
6,0,6,0,1,offensive language,18757,0.0516572,0.9483428,True
6,1,4,1,1,offensive language,4840,0.45205104,0.54794896,True
9,0,9,0,1,offensive language,4869,0.0029582381,0.99704176,True
3,0,3,0,1,offensive language,24447,0.16291624,0.83708376,True
3,0,3,0,1,offensive language,23053,0.09112209,0.9088779,True
3,0,3,0,1,offensive language,12594,0.04622376,0.95377624,True
3,1,2,0,1,offensive language,859,0.0068205595,0.99317944,True
3,0,3,0,1,offensive language,16770,0.10666603,0.893334,True
3,0,2,1,1,offensive language,15179,0.42333812,0.5766619,True
3,0,3,0,1,offensive language,19940,0.0539093,0.9460907,True
3,1,2,0,1,offensive language,5303,0.1555748,0.8444252,True
3,1,2,0,1,offensive language,19589,0.0031775236,0.9968225,True
6,0,6,0,1,offensive language,5246,0.08103573,0.91896427,True
3,0,3,0,1,offensive language,10977,0.71891177,0.28108823,False
3,0,3,0,1,offensive language,8006,0.12258452,0.8774155,True
6,0,6,0,1,offensive language,9231,0.0019401908,0.9980598,True
3,0,2,1,1,offensive language,12197,0.010297239,0.98970276,True
3,0,3,0,1,offensive language,9453,0.005502045,0.99449795,True
3,2,1,0,0,hate speech,5808,0.0014887452,0.99851125,True
3,0,3,0,1,offensive language,20052,0.010911584,0.9890884,True
3,1,2,0,1,offensive language,7190,0.002723515,0.9972765,True
3,0,3,0,1,offensive language,7202,0.014613152,0.98538685,True
3,0,3,0,1,offensive language,20825,0.0021795034,0.9978205,True
3,1,2,0,1,offensive language,9929,0.09542668,0.9045733,True
3,2,1,0,0,hate speech,3125,0.053913772,0.9460862,True
3,2,1,0,0,hate speech,6083,0.052878678,0.9471213,True
3,2,1,0,0,hate speech,5832,0.15586597,0.84413403,True
3,0,3,0,1,offensive language,9567,0.16732228,0.8326777,True
3,1,2,0,1,offensive language,8601,0.026268423,0.9737316,True
6,0,6,0,1,offensive language,12717,0.8885194,0.111480616,False
3,1,2,0,1,offensive language,21888,0.012925386,0.9870746,True
3,0,2,1,1,offensive language,12515,0.23144466,0.76855534,True
3,0,3,0,1,offensive language,5459,0.0026242733,0.9973757,True
3,0,3,0,1,offensive language,24492,0.005944371,0.9940556,True
3,0,3,0,1,offensive language,23866,0.0020903945,0.9979096,True
3,0,3,0,1,offensive language,12116,0.045207202,0.9547928,True
3,1,2,0,1,offensive language,20320,0.34181905,0.65818095,True
3,1,2,0,1,offensive language,19159,0.6056459,0.39435413,False
3,0,3,0,1,offensive language,22199,0.537987,0.46201304,False
3,0,3,0,1,offensive language,17927,0.88529783,0.11470218,False
3,0,2,1,1,offensive language,1838,0.9631287,0.03687131,False
3,0,3,0,1,offensive language,6030,0.08381814,0.91618186,True
3,0,3,0,1,offensive language,10029,0.04726994,0.95273006,True
3,0,3,0,1,offensive language,24465,0.03541255,0.96458745,True
3,0,3,0,1,offensive language,24725,0.6145716,0.38542843,False
3,0,3,0,1,offensive language,20179,0.035844147,0.96415585,True
3,1,2,0,1,offensive language,20313,0.010688245,0.98931175,True
3,0,3,0,1,offensive language,23376,0.0019019246,0.9980981,True
3,0,3,0,1,offensive language,22570,0.0900417,0.9099583,True
3,1,2,0,1,offensive language,13310,0.020468712,0.9795313,True
3,0,3,0,1,offensive language,23759,0.021005869,0.97899413,True
3,0,3,0,1,offensive language,13962,0.009549558,0.99045044,True
3,0,3,0,1,offensive language,6920,0.005809307,0.9941907,True
3,0,3,0,1,offensive language,1246,0.031869233,0.96813077,True
3,0,3,0,1,offensive language,15322,0.9783295,0.021670496,False
3,0,3,0,1,offensive language,16850,0.06508523,0.93491477,True
3,1,2,0,1,offensive language,14474,0.018403828,0.9815962,True
3,0,3,0,1,offensive language,9053,0.017716348,0.98228365,True
3,0,3,0,1,offensive language,5313,0.35474658,0.6452534,True
3,0,3,0,1,offensive language,22719,0.29461485,0.70538515,True
6,0,5,1,1,offensive language,20995,0.024229288,0.9757707,True
3,0,2,1,1,offensive language,18495,0.06582308,0.9341769,True
3,0,3,0,1,offensive language,13056,0.023637474,0.9763625,True
3,0,3,0,1,offensive language,22439,0.17742711,0.8225729,True
3,0,3,0,1,offensive language,12539,0.0039873123,0.9960127,True
3,0,3,0,1,offensive language,10737,0.035109103,0.9648909,True
3,0,3,0,1,offensive language,11665,0.09821081,0.9017892,True
3,0,3,0,1,offensive language,18776,0.07605028,0.9239497,True
3,1,2,0,1,offensive language,8220,0.093999386,0.9060006,True
3,0,3,0,1,offensive language,360,0.0034649372,0.99653506,True
3,0,3,0,1,offensive language,20475,0.09521717,0.90478283,True
